,PlaylistID,Song,SongURI,PreviewLink,Album,Artist,Genres,BigAlbumArt,SmallAlbumArt,Danceability,Energy,Key,Loudness,Mode,Speechiness,Acousticness,Instrumentalness,Liveness,Valence,Tempo,Duration,TimeSignature
0,31OIme0YdF4ORWvEdTyE6V,Haliod Xerrox Copy 3 (Paris),spotify:track:4img8gtb6WhXxlrSdH3dFn,https://p.scdn.co/mp3-preview/6e56f45bd2ff48ef0cac4599b27bbdfa0d8ac98e?cid=8ea9544c774649e49a2c2e41feb74396,"Xerrox, Vol. 1",alva noto,[],https://i.scdn.co/image/ab67616d00001e0248be2b26300ce6a39c737644,https://i.scdn.co/image/ab67616d0000485148be2b26300ce6a39c737644,0.138,0.177,10,-18.996,0,0.0367,0.878,0.987,0.0924,0.0378,100.62,677840,4
1,31OIme0YdF4ORWvEdTyE6V,Thème de Camille,spotify:track:7iHNPpvbWqMmamrCqMXFGJ,,Le mépris (Original Movie Soundtrack) – EP,Georges Delerue,[],https://i.scdn.co/image/ab67616d00001e02691c940318a4b382d477e939,https://i.scdn.co/image/ab67616d00004851691c940318a4b382d477e939,0.162,0.16,6,-18.587,0,0.0417,0.99,0.869,0.115,0.0344,131.042,151524,4
2,31OIme0YdF4ORWvEdTyE6V,Romanzo,spotify:track:70mWOkztDQrAjX9yf04k6V,https://p.scdn.co/mp3-preview/12a9a8c309b744351dee7e6bd58a18edff22ba0e?cid=8ea9544c774649e49a2c2e41feb74396,Novecento - 1900 (Bande originale du film de Bernardo Bertolucci (1976)),Ennio Morricone,[],https://i.scdn.co/image/ab67616d00001e0212acaf9ec0c898790aa2cbdc,https://i.scdn.co/image/ab67616d0000485112acaf9ec0c898790aa2cbdc,0.0884,0.145,7,-15.76,1,0.0359,0.988,0.815,0.0976,0.0509,81.644,248413,3
3,31OIme0YdF4ORWvEdTyE6V,"La chanson d’Eve, Op. 95: No. 10, O mort, poussière d'étoiles",spotify:track:0sJD8RMATP9g2V5QVi5EQj,https://p.scdn.co/mp3-preview/897baef9230ca27910a6ceb141644a4d2034a8d0?cid=8ea9544c774649e49a2c2e41feb74396,"The Complete Songs of Fauré, Vol. 2",Gabriel Fauré,[],https://i.scdn.co/image/ab67616d00001e0222f0ecc214816517c11deb4b,https://i.scdn.co/image/ab67616d0000485122f0ecc214816517c11deb4b,0.279,0.0387,1,-23.854,1,0.0558,0.994,0.00855,0.0958,0.0366,90.617,158685,3
4,31OIme0YdF4ORWvEdTyE6V,Gymnopédie No. 1 (Orch. Debussy),spotify:track:3dI3XloNMVwX4FmDXKxKj4,https://p.scdn.co/mp3-preview/2a387abc4da583617708189238f960656a9ce225?cid=8ea9544c774649e49a2c2e41feb74396,Adagios For After Hours - The Relaxing Way To End Your Day,Various Artists,[],https://i.scdn.co/image/ab67616d00001e02bc399f64bc265b3fb96c9c58,https://i.scdn.co/image/ab67616d00004851bc399f64bc265b3fb96c9c58,0.16,0.0309,7,-34.648,1,0.0457,0.91,0.821,0.12,0.0474,142.827,282867,4
5,31OIme0YdF4ORWvEdTyE6V,Le Fils des Étoiles: Prélude du premier Acte,spotify:track:6sxWRqmFZtUcCpeRpk3K22,https://p.scdn.co/mp3-preview/b8a8f0d61c1a54b5dfe90be653d81dd1b3ea18d1?cid=8ea9544c774649e49a2c2e41feb74396,Satie: Le Fils des Étoiles,Erik Satie,[],https://i.scdn.co/image/ab67616d00001e02a2d3e840a5747779a5b945d7,https://i.scdn.co/image/ab67616d00004851a2d3e840a5747779a5b945d7,0.55,0.00405,0,-21.788,1,0.0741,0.994,0.935,0.0785,0.117,70.772,186387,4
6,31OIme0YdF4ORWvEdTyE6V,Elégie,spotify:track:6BNiSvSQDKxTLwnqtTeoIR,https://p.scdn.co/mp3-preview/4991c85d7ff5e954b1aaa8f4fb1155aa324b3840?cid=8ea9544c774649e49a2c2e41feb74396,Bijoux,Eva Lind,[],https://i.scdn.co/image/ab67616d00001e02e1ba0aef1776430575dc1a3e,https://i.scdn.co/image/ab67616d00004851e1ba0aef1776430575dc1a3e,0.326,0.0161,5,-29.119,0,0.0585,0.987,0.000158,0.105,0.045,113.088,202107,5
7,31OIme0YdF4ORWvEdTyE6V,"Préludes / Book 1, L. 117: VI. Des pas sur la neige",spotify:track:6P57O1B7vDbUPPkrkUmxlW,https://p.scdn.co/mp3-preview/797bca10a109f707229155559ee7bcf716fdaf42?cid=8ea9544c774649e49a2c2e41feb74396,Debussy: Piano Works,Claude Debussy,[],https://i.scdn.co/image/ab67616d00001e023f59d851fb4f367793cc112d,https://i.scdn.co/image/ab67616d000048513f59d851fb4f367793cc112d,0.512,0.00156,2,-35.114,0,0.0743,0.993,0.93,0.0881,0.0943,99.879,299000,3
8,31OIme0YdF4ORWvEdTyE6V,"Images - Book 2, L. 111: II. Et la lune descend sur le temple qui fût",spotify:track:7CbsE2sKeXsilTEk3tSt2o,https://p.scdn.co/mp3-preview/891093bb151f13d03d0d2af9989b86e23f908300?cid=8ea9544c774649e49a2c2e41feb74396,Debussy: Piano Works,Claude Debussy,[],https://i.scdn.co/image/ab67616d00001e023f59d851fb4f367793cc112d,https://i.scdn.co/image/ab67616d000048513f59d851fb4f367793cc112d,0.487,0.00226,4,-31.695,0,0.0585,0.992,0.929,0.0639,0.0376,95.895,314000,4
9,31OIme0YdF4ORWvEdTyE6V,"Le roi Lear, L. 107: II. Le sommeil de Lear",spotify:track:1SmJciGhQbKQoDm4S7gEDU,https://p.scdn.co/mp3-preview/b3fe04286ab5b483b10e0fa9a05919a30e0991d8?cid=8ea9544c774649e49a2c2e41feb74396,Debussy: Estampes; Pour le piano; 6 épigraphes antiques,Claude Debussy,[],https://i.scdn.co/image/ab67616d00001e02a13a0c0653e92e6ac7509294,https://i.scdn.co/image/ab67616d00004851a13a0c0653e92e6ac7509294,0.464,0.000785,4,-39.372,0,0.0659,0.996,0.935,0.0757,0.0395,67.523,206707,4
10,31OIme0YdF4ORWvEdTyE6V,"String Quartet in G Minor, Op. 10, L. 85: III. Andantino, doucement expressif",spotify:track:6HHfSYDrGsL2uEn96HSA2S,https://p.scdn.co/mp3-preview/eaba01bc9c249a9dccb61ae04d7bdf04342ee647?cid=8ea9544c774649e49a2c2e41feb74396,"Sibelius, Debussy, Ravel & Lutosławski: String Quartets",Budapest String Quartet,[],https://i.scdn.co/image/ab67616d00001e021ad74cc3159f3c3977df8f42,https://i.scdn.co/image/ab67616d000048511ad74cc3159f3c3977df8f42,0.129,0.0988,1,-28.495,1,0.0663,0.823,0.234,0.131,0.0338,87.149,523187,5
11,31OIme0YdF4ORWvEdTyE6V,"Nocturnes, L. 91: No. 1, Nuages",spotify:track:2294jTQzeluGqjIxNqSeMU,https://p.scdn.co/mp3-preview/981d68c472b8ff887d119ae1da1ce72b6073acb5?cid=8ea9544c774649e49a2c2e41feb74396,"Debussy: La mer, Prélude à l'après-midi d'un faune, Jeux & Nocturnes",Claude Debussy,[],https://i.scdn.co/image/ab67616d00001e027defc93a2c613dda77a1804d,https://i.scdn.co/image/ab67616d000048517defc93a2c613dda77a1804d,0.158,0.0395,0,-30.566,1,0.0408,0.926,0.933,0.102,0.0305,133.275,491733,1
12,31OIme0YdF4ORWvEdTyE6V,"La mer, L. 109: II. Jeux de vagues",spotify:track:2VLpQsC2LYnAcrCvqW4DSP,https://p.scdn.co/mp3-preview/5c9013662b99ff6e56243d97eb554c1659bcf33f?cid=8ea9544c774649e49a2c2e41feb74396,Debussy: Nocturnes; Première Rhapsodie; Jeux; La Mer,Claude Debussy,[],https://i.scdn.co/image/ab67616d00001e02ba30ace8d7777e2093239ccf,https://i.scdn.co/image/ab67616d00004851ba30ace8d7777e2093239ccf,0.124,0.0642,4,-26.471,1,0.0395,0.963,0.731,0.0926,0.0346,89.735,425400,3
13,31OIme0YdF4ORWvEdTyE6V,"Sonata in B Minor, K.87",spotify:track:67A6Q3oBopxX56LYOBbGco,https://p.scdn.co/mp3-preview/d041878f417936c4be1faa17dbfc7020cf29ef8b?cid=8ea9544c774649e49a2c2e41feb74396,Vladimir Horowitz - Complete Recordings on Deutsche Grammophon,Vladimir Horowitz,[],https://i.scdn.co/image/ab67616d00001e027ad2d4b5a8d899fcf8ce958d,https://i.scdn.co/image/ab67616d000048517ad2d4b5a8d899fcf8ce958d,0.201,0.0105,11,-40.397,0,0.0529,0.992,0.933,0.0865,0.186,75.905,262200,3
14,31OIme0YdF4ORWvEdTyE6V,"Bach, JS: Matthäus-Passion, BWV 244, Pt. 2: No. 63, Choral. ""O Haupt voll Blut und wunden"" (Live)",spotify:track:3NhuZxOEzGx4R0sVMKVCIw,https://p.scdn.co/mp3-preview/95e06d5eae55ea56d31401da3ff77e09acf38e5a?cid=8ea9544c774649e49a2c2e41feb74396,"Bach, JS: Matthäus-Passion, BWV 244 (Live)",Johann Sebastian Bach,[],https://i.scdn.co/image/ab67616d00001e02e413f7e11447133b729797b2,https://i.scdn.co/image/ab67616d00004851e413f7e11447133b729797b2,0.0907,0.0857,5,-26.453,1,0.0416,0.993,0.587,0.127,0.037,81.324,139707,1
15,31OIme0YdF4ORWvEdTyE6V,"Suite in D Minor, HWV 437: III. Saraband",spotify:track:4sHWJD2vUe5uV7QIQ2rogQ,https://p.scdn.co/mp3-preview/77c09922d182435447c807339a5ece09c851d624?cid=8ea9544c774649e49a2c2e41feb74396,La grande sarabande de Handel,Karol Teutsch,[],https://i.scdn.co/image/ab67616d00001e028bd5592d2ef124ac6ec5b25a,https://i.scdn.co/image/ab67616d000048518bd5592d2ef124ac6ec5b25a,0.0642,0.126,2,-18.812,0,0.0473,0.884,0.874,0.0953,0.0384,59.559,344240,3
16,31OIme0YdF4ORWvEdTyE6V,A Paris dans Chaque Faubourg,spotify:track:3C2Zm4eXhK9zVQFVeyzSc8,https://p.scdn.co/mp3-preview/715390eef90a6b9536f038b9fd7d931f474b0c81?cid=8ea9544c774649e49a2c2e41feb74396,"The French Song - Chronique de la Chanson Française (1933), Vol. 10",Various Artists,[],https://i.scdn.co/image/ab67616d00001e0210cad8145daf7ce9ad14ec3b,https://i.scdn.co/image/ab67616d0000485110cad8145daf7ce9ad14ec3b,0.277,0.167,9,-15.045,1,0.0374,0.958,1.45e-06,0.277,0.33,78.774,202253,4
17,31OIme0YdF4ORWvEdTyE6V,"La Strada - From ""La Strada"" Original Soundtrack",spotify:track:2jw4DNeNtA5lbDPXyF3tN6,https://p.scdn.co/mp3-preview/7d07cc6af9d9d7c7a98718b364f3027fd33fc4de?cid=8ea9544c774649e49a2c2e41feb74396,"La Strada (From ""La Strada"" Original Soundtrack)",Nino Rota,[],https://i.scdn.co/image/ab67616d00001e027f4b58a79d40cc75525bfb33,https://i.scdn.co/image/ab67616d000048517f4b58a79d40cc75525bfb33,0.148,0.0525,5,-15.492,1,0.0354,0.991,0.886,0.118,0.0377,138.784,128840,4
18,31OIme0YdF4ORWvEdTyE6V,La Plage,spotify:track:6cHuOeqc7RR8xPb3LnJwTd,https://p.scdn.co/mp3-preview/fb9daec560efc1fe6f9302a6b1db9880e909db83?cid=8ea9544c774649e49a2c2e41feb74396,Plein Soleil - Bande Sonore Originale Du Film,Nino Rota,[],https://i.scdn.co/image/ab67616d00001e028d2be4e5c5407df70c579cd2,https://i.scdn.co/image/ab67616d000048518d2be4e5c5407df70c579cd2,0.214,0.181,7,-14.101,0,0.0351,0.923,0.279,0.0914,0.235,75.455,165068,3
19,31OIme0YdF4ORWvEdTyE6V,"Menuet sur le nom d'Haydn, M. 58",spotify:track:2DKi6ZyDmD91FcdRKhlEbH,https://p.scdn.co/mp3-preview/a2823a13f6235401cd0b8bac8f6d7dadd90644cf?cid=8ea9544c774649e49a2c2e41feb74396,Ravel: Piano Works,Maurice Ravel,[],https://i.scdn.co/image/ab67616d00001e02433cb55dac10a4435d1b2205,https://i.scdn.co/image/ab67616d00004851433cb55dac10a4435d1b2205,0.333,0.00591,7,-35.196,1,0.0381,0.995,0.939,0.0647,0.1,92.604,127000,3
20,31OIme0YdF4ORWvEdTyE6V,"Ravel: Sonatine, M. 40: II. Mouvement de menuet",spotify:track:7Enku3NNx2yk0sVMPgx3By,https://p.scdn.co/mp3-preview/41e78e93ba585b71ece96364f8a363a555a33191?cid=8ea9544c774649e49a2c2e41feb74396,Ravel,Maurice Ravel,[],https://i.scdn.co/image/ab67616d00001e02bdfa27a03099e78c34532f33,https://i.scdn.co/image/ab67616d00004851bdfa27a03099e78c34532f33,0.465,0.0161,1,-29.909,1,0.0462,0.991,0.853,0.0941,0.122,65.523,232893,4
21,31OIme0YdF4ORWvEdTyE6V,Time Remembered - Live,spotify:track:7wpeyD7ZlOmN4JGyEvfg38,https://p.scdn.co/mp3-preview/1b12d2d77b6e0706242910b4e16dd7304ec29c1c?cid=8ea9544c774649e49a2c2e41feb74396,Time Remembered,Bill Evans Trio,[],https://i.scdn.co/image/ab67616d00001e02e0df3a90021e7995b33109e1,https://i.scdn.co/image/ab67616d00004851e0df3a90021e7995b33109e1,0.421,0.102,7,-24.039,0,0.0353,0.852,0.799,0.624,0.107,109.129,335840,3
22,31OIme0YdF4ORWvEdTyE6V,The Dorian Horizon for 17 Strings,spotify:track:1DsFdajtqRlq8z5Kv9fwK1,https://p.scdn.co/mp3-preview/adc488c9a08611a0b8ae75d3b179c46c999667da?cid=8ea9544c774649e49a2c2e41feb74396,"Takemitsu: Asterism, Requiem, Green & Dorian Horizon",Toru Takemitsu,[],https://i.scdn.co/image/ab67616d00001e026ffcb600ca69c303b0c5f0a2,https://i.scdn.co/image/ab67616d000048516ffcb600ca69c303b0c5f0a2,0.17,0.0737,10,-25.079,0,0.0391,0.427,0.1,0.547,0.0385,77.151,543733,3
23,31OIme0YdF4ORWvEdTyE6V,"Das alte Jahr vergangen ist, BWV 614: Hommage à Reinbert de Leeuw",spotify:track:43EqhzDFh7gbT7GtTtPWl8,,Kurtág: 80,György Kurtág,[],https://i.scdn.co/image/ab67616d00001e02bd842c4e25292a47c85d53cd,https://i.scdn.co/image/ab67616d00004851bd842c4e25292a47c85d53cd,0.227,0.00507,2,-42.666,0,0.0519,0.987,0.84,0.0722,0.274,207.606,129240,4
24,31OIme0YdF4ORWvEdTyE6V,"Chorale Prelude BWV 639, “Ich ruf zu dir, Herr”",spotify:track:1vzorUEHqscruXYA8WFlp8,https://p.scdn.co/mp3-preview/1371377b2e8a75208796cbbe8c02b420ca7fc4c7?cid=8ea9544c774649e49a2c2e41feb74396,Tatiana Nikolayeva plays Bach,Johann Sebastian Bach,[],https://i.scdn.co/image/ab67616d00001e02cf05ab907703c0f4f59ee609,https://i.scdn.co/image/ab67616d00004851cf05ab907703c0f4f59ee609,0.365,0.00423,5,-33.492,0,0.0479,0.995,0.933,0.0793,0.215,94.566,273840,4
25,31OIme0YdF4ORWvEdTyE6V,"Musical Offering, BWV 1079 - Ed. Marriner: Canones diversi: Canon 5 a 2 (per Tonos)",spotify:track:1fuTtyNpMA7L6W4aZedNMe,https://p.scdn.co/mp3-preview/e41d52b949a79cbf55ea3eeb58edef58d3453ec5?cid=8ea9544c774649e49a2c2e41feb74396,"Bach, J.S.: The Art of Fugue; A Musical Offering",Johann Sebastian Bach,[],https://i.scdn.co/image/ab67616d00001e024e21325e5a6005f35864c68a,https://i.scdn.co/image/ab67616d000048514e21325e5a6005f35864c68a,0.357,0.0674,4,-19.243,0,0.0486,0.991,0.949,0.11,0.302,130.423,189000,4
26,31OIme0YdF4ORWvEdTyE6V,"Sinfonia No. 9 in F Minor, BWV 795 - Remastered",spotify:track:3HrfiRN9OKwdZRaDLQF1QS,https://p.scdn.co/mp3-preview/3fffe25eb2f814fe30a33f75be7aac445ba4636d?cid=8ea9544c774649e49a2c2e41feb74396,"Bach: The Two and Three Part Inventions, BWV 772-801 (Gould Remastered)",Johann Sebastian Bach,[],https://i.scdn.co/image/ab67616d00001e0280551b8e72385e098e8d7d0a,https://i.scdn.co/image/ab67616d0000485180551b8e72385e098e8d7d0a,0.576,0.149,5,-23.809,0,0.0573,0.995,0.927,0.0855,0.445,135.613,257413,4
27,31OIme0YdF4ORWvEdTyE6V,"The Art of the Fugue, BWV 1080: Contrapunctus XIV (Fuga à 3 soggetti) - Excerpt",spotify:track:2ys7TQ7LP3T2uA4MPef08r,https://p.scdn.co/mp3-preview/3175c90f57c9be3b9ec9dbade259d1ea9b34e537?cid=8ea9544c774649e49a2c2e41feb74396,"Bach: Excerpts from The Art of the Fugue, BWV 1080 & Prelude & Fugue in B-Flat Major, BWV 898",Johann Sebastian Bach,[],https://i.scdn.co/image/ab67616d00001e02837ec68149a5ce16beaf43cd,https://i.scdn.co/image/ab67616d00004851837ec68149a5ce16beaf43cd,0.44,0.0615,10,-24.16,1,0.0803,0.994,0.928,0.0945,0.193,77.165,738893,4
28,31OIme0YdF4ORWvEdTyE6V,"Die Kunst der Fuge, BWV 1080: I. Contrapunctus 1",spotify:track:13iigGJhWvMgMHKtuXpRBd,https://p.scdn.co/mp3-preview/ef7eb57028376a030c754cf1c8cdc2664ea0160c?cid=8ea9544c774649e49a2c2e41feb74396,Bach: Die Kunst der Fuge,Johann Sebastian Bach,[],https://i.scdn.co/image/ab67616d00001e02065554c83749b362fce02c9b,https://i.scdn.co/image/ab67616d00004851065554c83749b362fce02c9b,0.12,0.0319,1,-18.858,0,0.0382,0.944,0.0661,0.0655,0.0486,73.929,269560,4
29,31OIme0YdF4ORWvEdTyE6V,"Die Kunst der Fuge, BWV 1080: XI. Fugua a 3 sogetti",spotify:track:4iUbMy9ocsqN4OHzQbZd0R,https://p.scdn.co/mp3-preview/3169bd120dba0521222834da626921cd3ad59cfc?cid=8ea9544c774649e49a2c2e41feb74396,Bach: Die Kunst der Fuge,Johann Sebastian Bach,[],https://i.scdn.co/image/ab67616d00001e02065554c83749b362fce02c9b,https://i.scdn.co/image/ab67616d00004851065554c83749b362fce02c9b,0.126,0.0237,1,-22.057,0,0.041,0.942,0.0438,0.11,0.0597,96.807,692427,4
30,31OIme0YdF4ORWvEdTyE6V,Mongibello,spotify:track:1nkADJWJKKFJ77X8JjLBHl,https://p.scdn.co/mp3-preview/9c38c5780b5287c4da138013d1792e844eec4474?cid=8ea9544c774649e49a2c2e41feb74396,Plein Soleil - Bande Sonore Originale Du Film,Nino Rota,[],https://i.scdn.co/image/ab67616d00001e028d2be4e5c5407df70c579cd2,https://i.scdn.co/image/ab67616d000048518d2be4e5c5407df70c579cd2,0.181,0.206,7,-19.365,0,0.0377,0.753,0.721,0.103,0.474,82.857,87536,3
31,31OIme0YdF4ORWvEdTyE6V,Orpheus,spotify:track:3boUavIi1pXlifQ4VPHMg5,https://p.scdn.co/mp3-preview/07787a94b354e6644e93e2c02d4c817c25e45a46?cid=8ea9544c774649e49a2c2e41feb74396,Secrets Of The Beehive (Remastered 2003),David Sylvian,[],https://i.scdn.co/image/ab67616d00001e0299af698bc95bfd1bfdfbaaec,https://i.scdn.co/image/ab67616d0000485199af698bc95bfd1bfdfbaaec,0.428,0.5,9,-10.51,0,0.0348,0.505,0.000108,0.137,0.383,159.609,291573,3
32,31OIme0YdF4ORWvEdTyE6V,Breath,spotify:track:7Iqz1iILdntXxJSQ7gV8hp,https://p.scdn.co/mp3-preview/153dfd8082f36dabc3a6551de640f973ad77b33b?cid=8ea9544c774649e49a2c2e41feb74396,Possessed (Original Score),Laurel Halo,[],https://i.scdn.co/image/ab67616d00001e02a3eca1a4646a132f3b52ec48,https://i.scdn.co/image/ab67616d00004851a3eca1a4646a132f3b52ec48,0.182,0.0929,5,-28.565,0,0.0378,0.395,0.785,0.137,0.069,86.437,171116,3
33,5gUZgKtFX3vczXE8fItSxo,I Will Always Love You,spotify:track:4eHbdreAnSOrDDsFfc4Fpm,https://p.scdn.co/mp3-preview/db431eff82899d9af76c9156d66d29aa951c21d8?cid=8ea9544c774649e49a2c2e41feb74396,The Bodyguard - Original Soundtrack Album,Whitney Houston,[],https://i.scdn.co/image/ab67616d00001e02456c0b5d0316a80dc600802e,https://i.scdn.co/image/ab67616d00004851456c0b5d0316a80dc600802e,0.332,0.214,4,-12.518,1,0.0349,0.845,5.62e-06,0.0839,0.11,67.531,271093,4
34,5gUZgKtFX3vczXE8fItSxo,Amazing Grace,spotify:track:5LApdFnIkRtHXMn7XV0foW,,The Very Best of Celtic Thunder,Celtic Thunder,[],https://i.scdn.co/image/ab67616d00001e023d3e4444d6d5772c95bcb5ed,https://i.scdn.co/image/ab67616d000048513d3e4444d6d5772c95bcb5ed,0.218,0.142,7,-10.915,1,0.0316,0.941,0.0,0.107,0.24,77.773,238213,1
35,5gUZgKtFX3vczXE8fItSxo,Save A Place For Me,spotify:track:2yceAnNos9OwKioLFo5mTy,https://p.scdn.co/mp3-preview/3ef7a19e6955c78532dc42060d51d8a81f4c34d3?cid=8ea9544c774649e49a2c2e41feb74396,Something To Say,Matthew West,[],https://i.scdn.co/image/ab67616d00001e0248567ebe7b725c76f0e19b54,https://i.scdn.co/image/ab67616d0000485148567ebe7b725c76f0e19b54,0.366,0.545,7,-5.042,1,0.0291,0.0696,1.35e-06,0.092,0.159,141.994,261027,4
36,5gUZgKtFX3vczXE8fItSxo,I Can Only Imagine,spotify:track:0lVYRIVjK77Z6uG2GgM8Kl,,Almost There,MercyMe,[],https://i.scdn.co/image/ab67616d00001e026897a2004ed864720348a1a1,https://i.scdn.co/image/ab67616d000048516897a2004ed864720348a1a1,0.407,0.612,4,-5.359,1,0.0496,0.0909,0.0,0.0914,0.133,159.527,248253,4
37,5gUZgKtFX3vczXE8fItSxo,Carried to The Table,spotify:track:5hjYGZTGLa1ln69gwykUVZ,https://p.scdn.co/mp3-preview/c5a74dade3dff2c880cf1a51b1a7d06b9ba965a6?cid=8ea9544c774649e49a2c2e41feb74396,Sound Of Melodies,Leeland,[],https://i.scdn.co/image/ab67616d00001e025deb6663154086896eb28fca,https://i.scdn.co/image/ab67616d000048515deb6663154086896eb28fca,0.358,0.351,2,-9.05,1,0.0296,0.194,3.73e-06,0.263,0.399,135.434,343387,4
38,5gUZgKtFX3vczXE8fItSxo,I Will Rise,spotify:track:7j1e730A8K1my1mM4knYmr,https://p.scdn.co/mp3-preview/60325ca831cdad34f6de4a1b598da94669b21d69?cid=8ea9544c774649e49a2c2e41feb74396,How Great Is Our God: The Essential Collection,Chris Tomlin,[],https://i.scdn.co/image/ab67616d00001e021a1eea01889569fbac8cbc5d,https://i.scdn.co/image/ab67616d000048511a1eea01889569fbac8cbc5d,0.213,0.32,11,-7.086,1,0.0301,0.349,0.0,0.0844,0.25,80.424,300373,4
39,5gUZgKtFX3vczXE8fItSxo,Go Rest High On That Mountain,spotify:track:7C04W8ooqQD3vWKUSzeYnz,https://p.scdn.co/mp3-preview/a14f7d05bab2a9662bfbfa36a861b82f33dd0bc3?cid=8ea9544c774649e49a2c2e41feb74396,When Love Finds You,Vince Gill,[],https://i.scdn.co/image/ab67616d00001e02570fb270ebced7d75338d493,https://i.scdn.co/image/ab67616d00004851570fb270ebced7d75338d493,0.325,0.143,2,-12.218,1,0.033,0.469,0.000221,0.101,0.179,110.823,315973,4
40,5gUZgKtFX3vczXE8fItSxo,When I Get Where I'm Going (feat. Dolly Parton),spotify:track:3VLCtStwYsAL4LKZgeUvy3,https://p.scdn.co/mp3-preview/db7866dabbc40d9d84ad9d7c2399e2d3417e0373?cid=8ea9544c774649e49a2c2e41feb74396,Time Well Wasted,Brad Paisley,[],https://i.scdn.co/image/ab67616d00001e024030bcd7ed0469896d86c3b2,https://i.scdn.co/image/ab67616d000048514030bcd7ed0469896d86c3b2,0.519,0.379,0,-9.906,1,0.0279,0.619,1.85e-06,0.108,0.208,85.929,247053,4
41,5gUZgKtFX3vczXE8fItSxo,"Isn't It Grand, Boys (with Tommy Makem)",spotify:track:3JVpkxPJNIwRi4wTHAalHi,https://p.scdn.co/mp3-preview/0812b56bbce93ef859815f2797409d7a19d87336?cid=8ea9544c774649e49a2c2e41feb74396,Isn't It Grand Boys,The Clancy Brothers,[],https://i.scdn.co/image/ab67616d00001e02313f1cfac4ee93f314855feb,https://i.scdn.co/image/ab67616d00004851313f1cfac4ee93f314855feb,0.49,0.339,1,-10.738,1,0.0505,0.678,0.0,0.0782,0.512,164.119,178867,3
42,5gUZgKtFX3vczXE8fItSxo,Red Is The Rose,spotify:track:4nqisfhqUZXEN5g2XeJBAt,https://p.scdn.co/mp3-preview/a835219137f8e9ad54e2544fc34a04c78de522fa?cid=8ea9544c774649e49a2c2e41feb74396,Memory Lane,The High Kings,[],https://i.scdn.co/image/ab67616d00001e02137544691a0095513a7c8924,https://i.scdn.co/image/ab67616d00004851137544691a0095513a7c8924,0.503,0.132,4,-10.852,1,0.0428,0.897,0.0,0.15,0.511,111.484,191827,1
43,5gUZgKtFX3vczXE8fItSxo,Hear You Me,spotify:track:0fQlm2MUzqGDBPkuqq4U1Y,,Bleed American,Jimmy Eat World,[],https://i.scdn.co/image/ab67616d00001e02a7505b2b1540e9230b836e89,https://i.scdn.co/image/ab67616d00004851a7505b2b1540e9230b836e89,0.474,0.513,4,-6.098,1,0.0273,0.0123,0.0402,0.254,0.149,136.171,284373,3
44,5gUZgKtFX3vczXE8fItSxo,Gone Too Soon,spotify:track:66mXHPRfAwbnNKnTCNpytj,https://p.scdn.co/mp3-preview/c8dfd9431755a623f6a2ae6b10e0e4f9546145c7?cid=8ea9544c774649e49a2c2e41feb74396,Dangerous,Michael Jackson,[],https://i.scdn.co/image/ab67616d00001e023b9f8b18cc685e1502128aa8,https://i.scdn.co/image/ab67616d000048513b9f8b18cc685e1502128aa8,0.268,0.186,11,-12.736,1,0.0338,0.89,0.00271,0.097,0.118,69.361,201733,3
45,5gUZgKtFX3vczXE8fItSxo,Dancing With The Angels,spotify:track:5TmHQXj2mkBDK37i9JlGN4,https://p.scdn.co/mp3-preview/f3e0a0ead086dbe80be9906f44dc9258123ac548?cid=8ea9544c774649e49a2c2e41feb74396,Monk & Neagle,Monk & Neagle,[],https://i.scdn.co/image/ab67616d00001e02499ebecc3a1500d8fccf449e,https://i.scdn.co/image/ab67616d00004851499ebecc3a1500d8fccf449e,0.335,0.649,2,-4.311,1,0.0336,0.143,0.0,0.189,0.34,157.632,190360,3
46,5gUZgKtFX3vczXE8fItSxo,If I Had Only Known,spotify:track:6rf0Kgia2yt5j80glOBzpB,https://p.scdn.co/mp3-preview/147aa9129559faa772ca1703331a1c76427a5e1e?cid=8ea9544c774649e49a2c2e41feb74396,For My Broken Heart,Reba McEntire,[],https://i.scdn.co/image/ab67616d00001e0270c821f8a5ce4b1411bbc801,https://i.scdn.co/image/ab67616d0000485170c821f8a5ce4b1411bbc801,0.384,0.0232,9,-17.0,1,0.0381,0.914,2.14e-06,0.0934,0.172,129.179,240360,3
47,5gUZgKtFX3vczXE8fItSxo,Borrowed Angels,spotify:track:4uaQpLvejMjjW5ve8JbAXl,https://p.scdn.co/mp3-preview/586698fcb1e6aadbc501e85028c43b67d4f7ac65?cid=8ea9544c774649e49a2c2e41feb74396,Some Lessons Learned,Kristin Chenoweth,[],https://i.scdn.co/image/ab67616d00001e026b5e54900287d7c38a25fa9a,https://i.scdn.co/image/ab67616d000048516b5e54900287d7c38a25fa9a,0.402,0.429,1,-6.699,0,0.0328,0.387,1.71e-06,0.123,0.053,126.079,243613,4
48,5gUZgKtFX3vczXE8fItSxo,Funeral For A Friend / Love Lies Bleeding - Remastered 2014,spotify:track:5NERbS7923kF471NLKDZkB,https://p.scdn.co/mp3-preview/ee10103342ee166ebf87921ac698a675658b166b?cid=8ea9544c774649e49a2c2e41feb74396,Goodbye Yellow Brick Road (Remastered),Elton John,[],https://i.scdn.co/image/ab67616d00001e02f72f1e38e9bd48f18a17ed9b,https://i.scdn.co/image/ab67616d00004851f72f1e38e9bd48f18a17ed9b,0.403,0.764,9,-8.554,0,0.0451,0.0221,0.17,0.245,0.196,138.725,666572,4
49,5gUZgKtFX3vczXE8fItSxo,The Funeral,spotify:track:4o0NjemqhmsYLIMwlcosvW,,Everything All The Time,Band of Horses,[],https://i.scdn.co/image/ab67616d00001e0249d28829f3f22601ecdddd8a,https://i.scdn.co/image/ab67616d0000485149d28829f3f22601ecdddd8a,0.316,0.769,0,-5.283,0,0.0422,0.0142,0.0,0.0928,0.127,122.507,321147,4
50,5gUZgKtFX3vczXE8fItSxo,In Loving Memory,spotify:track:0T9tbj6zsRKLiUx06sbOWX,https://p.scdn.co/mp3-preview/5e2faafb71b8223d17ce29d11ba1a36f2dca124b?cid=8ea9544c774649e49a2c2e41feb74396,One Day Remains,Alter Bridge,[],https://i.scdn.co/image/ab67616d00001e02bc7ddb77993dd1d8d19c22a2,https://i.scdn.co/image/ab67616d00004851bc7ddb77993dd1d8d19c22a2,0.304,0.637,6,-5.922,1,0.0334,0.00749,6.44e-05,0.216,0.174,140.498,340107,4
51,5gUZgKtFX3vczXE8fItSxo,Ships Of Heaven,spotify:track:4eXtm78zEI4Cu3mWpVzH5V,https://p.scdn.co/mp3-preview/d7251c6e56d94039715477e758c1850f7ed264ff?cid=8ea9544c774649e49a2c2e41feb74396,Greatest Hits,BlackHawk,[],https://i.scdn.co/image/ab67616d00001e026fae569c404702a7324b9562,https://i.scdn.co/image/ab67616d000048516fae569c404702a7324b9562,0.53,0.582,2,-5.034,1,0.0254,0.221,0.0,0.258,0.375,75.132,287370,4
52,5gUZgKtFX3vczXE8fItSxo,To Where You Are,spotify:track:7go4n83IV0OO5Ztd1DlDh2,https://p.scdn.co/mp3-preview/65748a46cd2c7d3691bbc66348b996273dcad180?cid=8ea9544c774649e49a2c2e41feb74396,Josh Groban,Josh Groban,[],https://i.scdn.co/image/ab67616d00001e0248d891c7e318096c9f178f59,https://i.scdn.co/image/ab67616d0000485148d891c7e318096c9f178f59,0.286,0.322,5,-9.288,1,0.0317,0.651,0.000335,0.0994,0.109,124.96,233893,4
53,5gUZgKtFX3vczXE8fItSxo,Angel,spotify:track:3xZMPZQYETEn4hjor3TR1A,https://p.scdn.co/mp3-preview/c04e50c5ed8ac6245d61581376207422bb6e0dcb?cid=8ea9544c774649e49a2c2e41feb74396,Surfacing,Sarah McLachlan,[],https://i.scdn.co/image/ab67616d00001e029469c3ab051994ec802574a6,https://i.scdn.co/image/ab67616d000048519469c3ab051994ec802574a6,0.532,0.0744,1,-16.092,1,0.0355,0.949,1.22e-05,0.106,0.125,117.131,270400,3
54,5gUZgKtFX3vczXE8fItSxo,Forever Young,spotify:track:4S1VYqwfkLit9mKVY3MXoo,https://p.scdn.co/mp3-preview/cc49d97aae2dfd7cda894e37272f8dc5fb47e34a?cid=8ea9544c774649e49a2c2e41feb74396,Forever Young,Alphaville,[],https://i.scdn.co/image/ab67616d00001e024b89690216baf8e04fdd3056,https://i.scdn.co/image/ab67616d000048514b89690216baf8e04fdd3056,0.489,0.483,9,-9.466,0,0.0275,0.42,0.0028,0.236,0.333,136.822,226706,4
55,5gUZgKtFX3vczXE8fItSxo,Bright Eyes,spotify:track:1RXM7Awgwz553cosE3vJsu,https://p.scdn.co/mp3-preview/03eab5b05b01b97667808f2d12e37c86a89a4f25?cid=8ea9544c774649e49a2c2e41feb74396,Garfunkel,Art Garfunkel,[],https://i.scdn.co/image/ab67616d00001e020f445b5b38118ded4b35dd61,https://i.scdn.co/image/ab67616d000048510f445b5b38118ded4b35dd61,0.338,0.182,7,-18.138,1,0.0332,0.745,0.217,0.0873,0.168,113.286,235560,4
56,5gUZgKtFX3vczXE8fItSxo,"Lullabye (Goodnight, My Angel)",spotify:track:2GTC5mupEuJm5HOB76y08J,https://p.scdn.co/mp3-preview/bb8bab7c267c8651ae29cc4174a5df34a40d0ed7?cid=8ea9544c774649e49a2c2e41feb74396,The Essential Billy Joel,Billy Joel,[],https://i.scdn.co/image/ab67616d00001e02649d4f282653ab8be56f447e,https://i.scdn.co/image/ab67616d00004851649d4f282653ab8be56f447e,0.404,0.162,7,-13.853,1,0.0343,0.948,0.0,0.247,0.213,135.242,210440,5
57,5gUZgKtFX3vczXE8fItSxo,Fly,spotify:track:1MQ2QPU5ptTGhqCbCEF6jl,,Falling Into You,Céline Dion,[],https://i.scdn.co/image/ab67616d00001e0258c80c8f4e3e23311906f9c4,https://i.scdn.co/image/ab67616d0000485158c80c8f4e3e23311906f9c4,0.252,0.131,4,-17.202,1,0.0342,0.918,3.13e-05,0.0687,0.0717,88.539,178200,3
58,5gUZgKtFX3vczXE8fItSxo,Held,spotify:track:21WvqntfwSWj2AVRxdhR9j,https://p.scdn.co/mp3-preview/f567d6f9bb05338c6c3ec11cc76a08a734315e19?cid=8ea9544c774649e49a2c2e41feb74396,Awaken,Natalie Grant,[],https://i.scdn.co/image/ab67616d00001e028c4ba12635623dfe8bab6a1b,https://i.scdn.co/image/ab67616d000048518c4ba12635623dfe8bab6a1b,0.574,0.333,3,-9.184,1,0.0269,0.161,0.0,0.113,0.2,97.915,264120,3
59,5gUZgKtFX3vczXE8fItSxo,You'll Be In My Heart,spotify:track:6LBfozDVA7crIeuaPAVVlE,,Tarzan Original Soundtrack,Various Artists,[],https://i.scdn.co/image/ab67616d00001e0214fc66b1e2b2ef5eecabdb49,https://i.scdn.co/image/ab67616d0000485114fc66b1e2b2ef5eecabdb49,0.568,0.746,8,-6.582,1,0.0293,0.0549,3.66e-06,0.0966,0.626,96.626,258147,4
60,5gUZgKtFX3vczXE8fItSxo,She Is Gone,spotify:track:2FSuudcoj4bLxcr6uC1rcK,https://p.scdn.co/mp3-preview/7891342da3c6b40bd11e504e61cd443cafb98f3a?cid=8ea9544c774649e49a2c2e41feb74396,Spirit,Willie Nelson,[],https://i.scdn.co/image/ab67616d00001e022314e08a2fcb6021c5ebc9fe,https://i.scdn.co/image/ab67616d000048512314e08a2fcb6021c5ebc9fe,0.534,0.159,9,-16.873,1,0.04,0.87,0.227,0.111,0.295,79.372,175160,4
61,5gUZgKtFX3vczXE8fItSxo,The Prayer,spotify:track:1t61EARAxEkTpCq91bd3N5,,These Are Special Times,Céline Dion,[],https://i.scdn.co/image/ab67616d00001e0284bf072548367ea06fa46ab0,https://i.scdn.co/image/ab67616d0000485184bf072548367ea06fa46ab0,0.234,0.321,10,-8.513,1,0.0336,0.82,3.39e-06,0.115,0.0504,82.388,268933,5
62,5gUZgKtFX3vczXE8fItSxo,My Sweet Lord - Remastered 2014,spotify:track:0qdQUeKVyevrbKhAo0ibxS,,All Things Must Pass (Remastered 2014),George Harrison,[],https://i.scdn.co/image/ab67616d00001e02acc11d868a59008935e72299,https://i.scdn.co/image/ab67616d00004851acc11d868a59008935e72299,0.537,0.701,1,-8.913,0,0.0335,0.0972,0.0,0.0832,0.583,120.919,281227,4
63,5gUZgKtFX3vczXE8fItSxo,Shadow of the Day,spotify:track:0OYcEfskah1egYHjYRvbg1,https://p.scdn.co/mp3-preview/a449bc921683b202afdd3149b67ad9487c666185?cid=8ea9544c774649e49a2c2e41feb74396,Minutes to Midnight,Linkin Park,[],https://i.scdn.co/image/ab67616d00001e026e996745f2c7b8036abef213,https://i.scdn.co/image/ab67616d000048516e996745f2c7b8036abef213,0.534,0.393,11,-7.813,1,0.0292,0.00479,0.0107,0.107,0.0641,110.007,290360,4
64,5gUZgKtFX3vczXE8fItSxo,Goodbye My Lover,spotify:track:6gxycjJNMgmAyfzUXBN80P,https://p.scdn.co/mp3-preview/1c0e9e04da74c069fb87ab15d25356e35dbf84e7?cid=8ea9544c774649e49a2c2e41feb74396,Back to Bedlam,James Blunt,[],https://i.scdn.co/image/ab67616d00001e02105f043a4f470cf58cc01ccf,https://i.scdn.co/image/ab67616d00004851105f043a4f470cf58cc01ccf,0.432,0.261,4,-12.591,1,0.0512,0.953,0.00342,0.0903,0.273,89.567,258653,4
65,5gUZgKtFX3vczXE8fItSxo,Raging Sea,spotify:track:7fOm56AAMAYafjmnK1dnxg,https://p.scdn.co/mp3-preview/3251d57dcc4bcf79ea95d498665bdb06049697eb?cid=8ea9544c774649e49a2c2e41feb74396,The Second Decade 1993-2003,Michael W. Smith,[],https://i.scdn.co/image/ab67616d00001e024de8dc82cfb99aec551da1e2,https://i.scdn.co/image/ab67616d000048514de8dc82cfb99aec551da1e2,0.51,0.352,3,-8.388,1,0.0311,0.881,0.0,0.111,0.309,72.017,195133,1
66,5gUZgKtFX3vczXE8fItSxo,Tell Me I Was Dreaming,spotify:track:2wDNPdxYne20hok4QqmGZi,https://p.scdn.co/mp3-preview/9fb213e7f51202d9cc3c92589c4911cbb88bdd19?cid=8ea9544c774649e49a2c2e41feb74396,Greatest Hits: From the Beginning,Travis Tritt,[],https://i.scdn.co/image/ab67616d00001e0219b865587508f1482db68068,https://i.scdn.co/image/ab67616d0000485119b865587508f1482db68068,0.457,0.352,5,-9.524,1,0.0247,0.322,0.000205,0.0681,0.208,71.479,292600,4
67,5gUZgKtFX3vczXE8fItSxo,You Can Close Your Eyes,spotify:track:3NmiHiYfWmaVkNByF705Ni,,Mud Slide Slim and the Blue Horizon,James Taylor,[],https://i.scdn.co/image/ab67616d00001e02e66a4783b05b96bb36ebbd51,https://i.scdn.co/image/ab67616d00004851e66a4783b05b96bb36ebbd51,0.534,0.0977,0,-22.633,0,0.0314,0.537,0.000149,0.113,0.36,134.788,149667,4
68,5gUZgKtFX3vczXE8fItSxo,Who You'd Be Today,spotify:track:5Vkdh8GfdXmwyJjzPewMWM,https://p.scdn.co/mp3-preview/7a54bb555a953f9a64f78e0d8e2137cce8b118ca?cid=8ea9544c774649e49a2c2e41feb74396,The Road And The Radio,Kenny Chesney,[],https://i.scdn.co/image/ab67616d00001e028839aef904bc72afd1cb1082,https://i.scdn.co/image/ab67616d000048518839aef904bc72afd1cb1082,0.646,0.431,2,-9.287,1,0.029,0.149,0.000428,0.108,0.248,145.855,254573,4
69,5gUZgKtFX3vczXE8fItSxo,One Sweet Day,spotify:track:7ySbfLwdCwl1EM0zNCJZ38,https://p.scdn.co/mp3-preview/2395b7ab0950e061e0ddceca045de813c2d5e856?cid=8ea9544c774649e49a2c2e41feb74396,Daydream,Mariah Carey,[],https://i.scdn.co/image/ab67616d00001e02749e9bfa78277f30ad2c9a9c,https://i.scdn.co/image/ab67616d00004851749e9bfa78277f30ad2c9a9c,0.568,0.495,1,-8.964,1,0.0299,0.353,0.0,0.0839,0.303,128.234,281067,4
70,5gUZgKtFX3vczXE8fItSxo,"Tears in Heaven - Acoustic; Live at MTV Unplugged, Bray Film Studios, Windsor, England, UK, 1/16/1992; 2013 Remaster",spotify:track:612VcBshQcy4mpB2utGc3H,,Unplugged (Deluxe Edition),Eric Clapton,[],https://i.scdn.co/image/ab67616d00001e02d55ec7fcfacd95e73877b787,https://i.scdn.co/image/ab67616d00004851d55ec7fcfacd95e73877b787,0.695,0.336,9,-12.999,1,0.0313,0.8,0.00264,0.701,0.422,79.109,280000,4
71,5gUZgKtFX3vczXE8fItSxo,Knockin' On Heaven's Door,spotify:track:6HSXNV0b4M4cLJ7ljgVVeh,https://p.scdn.co/mp3-preview/b1fb2e0d90764724242501e5a0c3c2393698d499?cid=8ea9544c774649e49a2c2e41feb74396,Pat Garrett & Billy The Kid (Soundtrack From The Motion Picture),Bob Dylan,[],https://i.scdn.co/image/ab67616d00001e026c86683d20c72e3874c11c6d,https://i.scdn.co/image/ab67616d000048516c86683d20c72e3874c11c6d,0.513,0.396,7,-13.061,1,0.0299,0.251,0.177,0.11,0.229,140.208,149880,4
72,5gUZgKtFX3vczXE8fItSxo,My Way,spotify:track:6lTTzSk1hRrxp4VMwXBp2l,https://p.scdn.co/mp3-preview/cdd7c20e1504ab770ad95b0595888a6094397924?cid=8ea9544c774649e49a2c2e41feb74396,Ultimate Sinatra,Frank Sinatra,[],https://i.scdn.co/image/ab67616d00001e02b19cb81319fbfd9ed54baeae,https://i.scdn.co/image/ab67616d00004851b19cb81319fbfd9ed54baeae,0.279,0.454,2,-7.733,1,0.0316,0.395,0.0,0.198,0.216,150.661,274933,4
73,5gUZgKtFX3vczXE8fItSxo,Hurt,spotify:track:5rpRzNcJZqKQXk9PIjreB6,https://p.scdn.co/mp3-preview/657878f3992f31d5ae53d0fc3b7658786c30f1bf?cid=8ea9544c774649e49a2c2e41feb74396,Unearthed,Johnny Cash,[],https://i.scdn.co/image/ab67616d00001e02b905a2b99e3510c2fd7d07c2,https://i.scdn.co/image/ab67616d00004851b905a2b99e3510c2fd7d07c2,0.544,0.378,9,-8.607,0,0.0264,0.719,0.00035,0.105,0.149,91.078,216533,4
74,5gUZgKtFX3vczXE8fItSxo,Free Bird,spotify:track:5EWPGh7jbTNO2wakv8LjUI,https://p.scdn.co/mp3-preview/52d7f7506e9ac5e3fc059183c2db33f0dfd9b8e4?cid=8ea9544c774649e49a2c2e41feb74396,Pronounced' Leh-'Nerd 'Skin-'Nerd,Lynyrd Skynyrd,[],https://i.scdn.co/image/ab67616d00001e02128450651c9f0442780d8eb8,https://i.scdn.co/image/ab67616d00004851128450651c9f0442780d8eb8,0.249,0.834,0,-8.21,1,0.0577,0.0738,9.48e-05,0.0924,0.338,118.223,547107,4
75,5gUZgKtFX3vczXE8fItSxo,Over the Rainbow,spotify:track:3oQomOPRNQ5NVFUmLJHbAV,https://p.scdn.co/mp3-preview/2b0ebc854ece09122c1918aeff6af258493defe9?cid=8ea9544c774649e49a2c2e41feb74396,Alone In Iz World,Israel Kamakawiwo'ole,[],https://i.scdn.co/image/ab67616d00001e0256c868c8c85e7e4e62bd9ec1,https://i.scdn.co/image/ab67616d0000485156c868c8c85e7e4e62bd9ec1,0.671,0.153,0,-13.569,1,0.0404,0.912,5.53e-05,0.0771,0.658,85.6,211933,4
76,5gUZgKtFX3vczXE8fItSxo,"Time To Say Goodbye - Live At Central Park, New York / 2011",spotify:track:1Jw2mwSScPEROBomYw6L0g,https://p.scdn.co/mp3-preview/a0b2a6f9bd47b5238b3ed868fc445f5b0c3a14c0?cid=8ea9544c774649e49a2c2e41feb74396,Concerto: One Night In Central Park (Remastered),Andrea Bocelli,[],https://i.scdn.co/image/ab67616d00001e02129b908b63777a40b03d0d6c,https://i.scdn.co/image/ab67616d00004851129b908b63777a40b03d0d6c,0.23,0.305,7,-9.827,1,0.0318,0.936,1.67e-06,0.744,0.446,85.786,253991,3
77,5gUZgKtFX3vczXE8fItSxo,Live And Die,spotify:track:19n9s9SfnLtwPEODqk8KCT,https://p.scdn.co/mp3-preview/9580b63493ff997aa96d13207ad8309a0222ff65?cid=8ea9544c774649e49a2c2e41feb74396,The Carpenter,The Avett Brothers,[],https://i.scdn.co/image/ab67616d00001e02257e4eed50e4d823f8a0dac9,https://i.scdn.co/image/ab67616d00004851257e4eed50e4d823f8a0dac9,0.585,0.779,11,-5.083,1,0.0269,0.0827,1.77e-06,0.151,0.58,118.015,271187,4
78,5gUZgKtFX3vczXE8fItSxo,I'll Fly Away,spotify:track:40EtuBA1rqr6yGIVfhg5Cx,https://p.scdn.co/mp3-preview/7633c0e0c66e7558136566ecae8264df4db8f80f?cid=8ea9544c774649e49a2c2e41feb74396,My Mother's Hymn Book,Johnny Cash,[],https://i.scdn.co/image/ab67616d00001e02b83770517c2b17fc9a575c7c,https://i.scdn.co/image/ab67616d00004851b83770517c2b17fc9a575c7c,0.634,0.0919,4,-12.718,0,0.0308,0.946,0.0,0.119,0.448,94.418,113400,4
79,5gUZgKtFX3vczXE8fItSxo,Heaven Song,spotify:track:6CA7jtR1F7ijfYqvnzI6Yg,,Heaven & Earth,Phil Wickham,[],https://i.scdn.co/image/ab67616d00001e02339017fac72cdd413de788da,https://i.scdn.co/image/ab67616d00004851339017fac72cdd413de788da,0.462,0.31,7,-9.428,1,0.028,0.408,0.0,0.122,0.316,134.01,244547,4
80,5gUZgKtFX3vczXE8fItSxo,Ave Maria,spotify:track:3tAg5SGPaQmXuLdYlsp7QI,https://p.scdn.co/mp3-preview/6e9cec8c2360caa7432693d4f32314c26696016c?cid=8ea9544c774649e49a2c2e41feb74396,Christmas,Michael Bublé,[],https://i.scdn.co/image/ab67616d00001e0295517befb15ad5d63af701ab,https://i.scdn.co/image/ab67616d0000485195517befb15ad5d63af701ab,0.204,0.157,5,-12.147,1,0.0327,0.956,0.0117,0.125,0.0668,80.574,240227,5
81,5gUZgKtFX3vczXE8fItSxo,The Old Rugged Cross,spotify:track:2slaAgyVAhUn7SqVjk72ym,https://p.scdn.co/mp3-preview/cfe25ef66e23e9d9454de33e295af48ecaa10503?cid=8ea9544c774649e49a2c2e41feb74396,Part II,Brad Paisley,[],https://i.scdn.co/image/ab67616d00001e0294da46e08a9a9971436da68a,https://i.scdn.co/image/ab67616d0000485194da46e08a9a9971436da68a,0.368,0.292,9,-16.218,1,0.0626,0.78,0.0,0.781,0.593,89.339,231827,4
82,5gUZgKtFX3vczXE8fItSxo,How Great Thou Art,spotify:track:33X6azkwr7h0OAsCCwaex2,https://p.scdn.co/mp3-preview/9f5352182ca9a2d059e3135f8009f87f1de7167b?cid=8ea9544c774649e49a2c2e41feb74396,Hymns: 17 Timeless Songs of Faith,Randy Travis,[],https://i.scdn.co/image/ab67616d00001e02cc597613643763a5aa37b16d,https://i.scdn.co/image/ab67616d00004851cc597613643763a5aa37b16d,0.478,0.177,5,-12.416,1,0.0344,0.621,1.14e-05,0.137,0.308,133.153,274493,4
83,5gUZgKtFX3vczXE8fItSxo,All Things Bright and Beautiful (feat. Joseph O Brien),spotify:track:3unLhrthPOZTXxH4p1YW1q,https://p.scdn.co/mp3-preview/9c5fe0da9ccdc7662651e746fcb587433af71696?cid=8ea9544c774649e49a2c2e41feb74396,Psalms Hymns and Spiritual Songs,Michael O'Brien,[],https://i.scdn.co/image/ab67616d00001e02f10b765c4c830ba7911e746d,https://i.scdn.co/image/ab67616d00004851f10b765c4c830ba7911e746d,0.504,0.292,7,-10.697,1,0.0256,0.742,4.28e-05,0.105,0.191,90.009,281507,4
84,5gUZgKtFX3vczXE8fItSxo,Abide With Me,spotify:track:1jyBQrHIHekJINdaiIxBng,https://p.scdn.co/mp3-preview/157fbd254296b2d6a1c24e127bde0a5934b8362e?cid=8ea9544c774649e49a2c2e41feb74396,LDS Hymns and Songs (Remastered),Brian Daw,[],https://i.scdn.co/image/ab67616d00001e027fa33c36192751f0ceaf4adb,https://i.scdn.co/image/ab67616d000048517fa33c36192751f0ceaf4adb,0.337,0.0467,3,-21.38,1,0.0621,0.994,0.93,0.102,0.508,77.02,72281,4
85,5gUZgKtFX3vczXE8fItSxo,The Lord Is My Shepherd (23rd Psalm) - The Ministry Years Volume 2 Album Version,spotify:track:2b5hbrwwjpKuQUJRCZVec3,https://p.scdn.co/mp3-preview/1fb03237a4b7ddcff7f5d36bcc75f1bfecc5a2a6?cid=8ea9544c774649e49a2c2e41feb74396,The Greatest Hits,Keith Green,[],https://i.scdn.co/image/ab67616d00001e02010f7fd829a8941197519c23,https://i.scdn.co/image/ab67616d00004851010f7fd829a8941197519c23,0.343,0.409,0,-8.706,0,0.0314,0.854,0.00078,0.228,0.151,118.666,252747,3
86,5gUZgKtFX3vczXE8fItSxo,See You Again (feat. Charlie Puth),spotify:track:7wqSzGeodspE3V6RBD5W8L,,See You Again (feat. Charlie Puth),Wiz Khalifa,[],https://i.scdn.co/image/ab67616d00001e02916d2308473f0c00c3470b19,https://i.scdn.co/image/ab67616d00004851916d2308473f0c00c3470b19,0.689,0.481,10,-7.503,1,0.0815,0.369,1.03e-06,0.0649,0.283,80.025,229526,4
87,5gUZgKtFX3vczXE8fItSxo,Forever Young - Slow Version,spotify:track:4yWl0tnEanf3zmZzl9kbQn,https://p.scdn.co/mp3-preview/cc65e5dd21e24bf50264277e22e45a0894d879ef?cid=8ea9544c774649e49a2c2e41feb74396,Planet Waves,Bob Dylan,[],https://i.scdn.co/image/ab67616d00001e024042ca1eaf2d769794da7930,https://i.scdn.co/image/ab67616d000048514042ca1eaf2d769794da7930,0.488,0.493,2,-9.878,1,0.0464,0.255,0.000181,0.102,0.389,135.093,296133,4
88,5gUZgKtFX3vczXE8fItSxo,Yesterday - Remastered 2009,spotify:track:3BQHpFgAp4l80e1XslIjNI,https://p.scdn.co/mp3-preview/4e5bed3f38f48a27ad87bffef5ba754c64028228?cid=8ea9544c774649e49a2c2e41feb74396,Help! (Remastered),The Beatles,[],https://i.scdn.co/image/ab67616d00001e02e3e3b64cea45265469d4cafa,https://i.scdn.co/image/ab67616d00004851e3e3b64cea45265469d4cafa,0.332,0.179,5,-11.83,1,0.0326,0.879,0.0,0.0886,0.315,96.529,125667,4
89,5gUZgKtFX3vczXE8fItSxo,Song of the Grieving,spotify:track:5kLCpNumAUEoyRRrxnGNn1,https://p.scdn.co/mp3-preview/3cd350906541c8207241a09ebd74ec2efced28f7?cid=8ea9544c774649e49a2c2e41feb74396,The Story of Your Glory,Matt Rexford,[],https://i.scdn.co/image/ab67616d00001e02f5372de62d1ca674f6787e98,https://i.scdn.co/image/ab67616d00004851f5372de62d1ca674f6787e98,0.353,2.03e-05,0,-19.266,1,0.404,0.731,0.0,0.693,0.406,221.482,592653,4
90,5gUZgKtFX3vczXE8fItSxo,Cry Out To Jesus,spotify:track:0HgDYi8pYbkYYvatcNsrQZ,https://p.scdn.co/mp3-preview/10041031c0c27fb1901e7cbf0d7005e65353f9d6?cid=8ea9544c774649e49a2c2e41feb74396,Wherever You Are,Third Day,[],https://i.scdn.co/image/ab67616d00001e0283e024e0a309da3c1e1b54fd,https://i.scdn.co/image/ab67616d0000485183e024e0a309da3c1e1b54fd,0.34,0.619,0,-5.622,1,0.0354,0.264,0.0,0.143,0.242,146.207,282333,3
91,5gUZgKtFX3vczXE8fItSxo,Because He Lives,spotify:track:4XJiFkCoZd2oWMR5cavbIr,https://p.scdn.co/mp3-preview/92c7afff3398ce98bd4b87acf66391695b0ced86?cid=8ea9544c774649e49a2c2e41feb74396,Give Us Rest Or A Requiem Mass In C (The Happiest Of All Keys),David Crowder Band,[],https://i.scdn.co/image/ab67616d00001e0225ef9c1d34a21e08e6a105a2,https://i.scdn.co/image/ab67616d0000485125ef9c1d34a21e08e6a105a2,0.394,0.271,9,-10.603,1,0.035,0.832,0.0,0.113,0.215,133.817,261453,4
92,5gUZgKtFX3vczXE8fItSxo,Word of God Speak,spotify:track:6FVg2subR7uoD80BmTOsdR,https://p.scdn.co/mp3-preview/e4abd870358ca73396fdc1a77a4e53cf37a9c5cb?cid=8ea9544c774649e49a2c2e41feb74396,Spoken For,MercyMe,[],https://i.scdn.co/image/ab67616d00001e02329bfe55e7713e494b490bea,https://i.scdn.co/image/ab67616d00004851329bfe55e7713e494b490bea,0.306,0.304,0,-8.178,1,0.0288,0.834,0.0,0.154,0.277,139.32,187573,4
93,5gUZgKtFX3vczXE8fItSxo,Mighty Is The Power Of The Cross,spotify:track:6peIO3kB00xNxzO3cujwbJ,https://p.scdn.co/mp3-preview/476825858464ddc5e479c71ee36f450b5c3b00d0?cid=8ea9544c774649e49a2c2e41feb74396,Arriving,Chris Tomlin,[],https://i.scdn.co/image/ab67616d00001e025aa9f51e9842861b6efa287f,https://i.scdn.co/image/ab67616d000048515aa9f51e9842861b6efa287f,0.597,0.318,6,-9.993,1,0.0294,0.756,3.14e-05,0.11,0.348,139.639,364600,4
94,5gUZgKtFX3vczXE8fItSxo,You Hold It All - Live,spotify:track:1mlUVLRApvcoTjaUmZ13IL,https://p.scdn.co/mp3-preview/34b1d497b5dd0ed01972b9afc816c5719233afe1?cid=8ea9544c774649e49a2c2e41feb74396,You Hold It All (Live),Travis Ryan,[],https://i.scdn.co/image/ab67616d00001e0286fa3dc923496f65f43be5f1,https://i.scdn.co/image/ab67616d0000485186fa3dc923496f65f43be5f1,0.362,0.519,0,-9.601,1,0.0311,0.0517,5.79e-05,0.365,0.175,144.04,415013,4
95,5gUZgKtFX3vczXE8fItSxo,Mighty to Save,spotify:track:3Md8YScIGo5rx8NvEomkmw,https://p.scdn.co/mp3-preview/279146aca590fa6350b356cc732ff7a61278e9d1?cid=8ea9544c774649e49a2c2e41feb74396,Great God Who Saves,Laura Story,[],https://i.scdn.co/image/ab67616d00001e0278263edd5f47228084f427d9,https://i.scdn.co/image/ab67616d0000485178263edd5f47228084f427d9,0.486,0.66,6,-5.08,1,0.0279,0.0192,3.66e-06,0.0995,0.348,155.919,229947,4
96,5gUZgKtFX3vczXE8fItSxo,"10,000 Reasons (Bless the Lord)",spotify:track:16e4Q3plJrKkncoLKR1CQ1,,"10,000 Reasons",Matt Redman,[],https://i.scdn.co/image/ab67616d00001e02f5d238f8a0664632fa4658c8,https://i.scdn.co/image/ab67616d00004851f5d238f8a0664632fa4658c8,0.459,0.471,7,-8.093,1,0.0263,0.5,0.0,0.434,0.35,72.506,342493,4
